{
  "baseline": {
    "mean": 2.21245637178421,
    "std": 0.5575392420990206
  },
  "adaptive": {
    "mean": 2.155622088909149,
    "std": 0.5130994466706645
  },
  "comparison": {
    "t_statistic": -2.0286357590063213,
    "p_value": 0.02397403124672667,
    "cohens_d": -0.2898051084294745,
    "improvement_pct": 2.568831801606448
  }
}