{
  "dataset": "rossmann",
  "seasonal_period": 24,
  "num_samples": 33,
  "baseline": {
    "mae": {
      "mean": 1472.951171875,
      "std": 209.2078094482422
    },
    "mase": {
      "mean": 0.3984684944152832,
      "std": 0.05430084466934204
    },
    "sql": {
      "mean": 0.4210599958896637,
      "std": 0.07142876088619232
    },
    "skill_mase": {
      "mean": 60.15314865112305,
      "std": 5.430083751678467
    },
    "skill_sql": {
      "mean": 57.89399719238281,
      "std": 7.142875671386719
    }
  },
  "adaptive": {
    "mae": {
      "mean": 1441.5550537109375,
      "std": 188.8035888671875
    },
    "mase": {
      "mean": 0.3899950385093689,
      "std": 0.04886966943740845
    },
    "sql": {
      "mean": 0.41243690252304077,
      "std": 0.06615620851516724
    },
    "skill_mase": {
      "mean": 61.00049591064453,
      "std": 4.886967182159424
    },
    "skill_sql": {
      "mean": 58.756309509277344,
      "std": 6.615619659423828
    }
  },
  "statistical_tests": {
    "mae": {
      "t_stat": -6.305778503417969,
      "p_value": 2.2459289539256133e-07,
      "cohens_d": -1.1147147417068481
    },
    "mase": {
      "t_stat": -6.362061977386475,
      "p_value": 1.9105151238818507e-07,
      "cohens_d": -1.1246628761291504
    },
    "sql": {
      "t_stat": -6.646444797515869,
      "p_value": 8.468543200024214e-08,
      "cohens_d": -1.174934983253479
    }
  },
  "improvements": {
    "mae_pct": 2.1315109729766846,
    "skill_mase_diff_pp": 0.8473472595214844,
    "skill_sql_diff_pp": 0.8623123168945312
  }
}