{
  "baseline": {
    "mean": 2725.9468493652344,
    "std": 1521.3839221094552
  },
  "adaptive": {
    "mean": 2729.3631225585937,
    "std": 1529.7602122299206
  },
  "comparison": {
    "t_statistic": 0.3685616649363022,
    "p_value": 0.6429789451698763,
    "cohens_d": 0.05265166641947175,
    "improvement_pct": -0.12532427747645988
  }
}