{
  "dataset": "electricity",
  "seasonal_period": 24,
  "num_samples": 50,
  "baseline": {
    "mae": {
      "mean": 2725.94677734375,
      "std": 1521.384033203125
    },
    "mase": {
      "mean": 0.5950965285301208,
      "std": 0.30824553966522217
    },
    "sql": {
      "mean": 0.41637274622917175,
      "std": 0.3076339066028595
    },
    "skill_mase": {
      "mean": 40.4903450012207,
      "std": 30.824554443359375
    },
    "skill_sql": {
      "mean": 58.36271667480469,
      "std": 30.76339340209961
    }
  },
  "adaptive": {
    "mae": {
      "mean": 2740.474609375,
      "std": 1537.262451171875
    },
    "mase": {
      "mean": 0.5981464385986328,
      "std": 0.3107657730579376
    },
    "sql": {
      "mean": 0.4192968010902405,
      "std": 0.31013768911361694
    },
    "skill_mase": {
      "mean": 40.18535614013672,
      "std": 31.076576232910156
    },
    "skill_sql": {
      "mean": 58.0703125,
      "std": 31.013769149780273
    }
  },
  "statistical_tests": {
    "mae": {
      "t_stat": 1.1940323114395142,
      "p_value": 0.8808931112289429,
      "cohens_d": 0.1705760359764099
    },
    "mase": {
      "t_stat": 1.2195773124694824,
      "p_value": 0.8857684135437012,
      "cohens_d": 0.17422524094581604
    },
    "sql": {
      "t_stat": 1.5138484239578247,
      "p_value": 0.931755781173706,
      "cohens_d": 0.21626390516757965
    }
  },
  "improvements": {
    "mae_pct": -0.5329462885856628,
    "skill_mase_diff_pp": -0.3049888610839844,
    "skill_sql_diff_pp": -0.2924041748046875
  }
}