{
  "dataset": "epf_de",
  "seasonal_period": 24,
  "num_samples": 50,
  "baseline": {
    "mae": {
      "mean": 2591.74755859375,
      "std": 1433.8726806640625
    },
    "mase": {
      "mean": 1.0827698707580566,
      "std": 0.6032663583755493
    },
    "sql": {
      "mean": 0.7621769905090332,
      "std": 0.31688910722732544
    },
    "skill_mase": {
      "mean": -8.276996612548828,
      "std": 60.32664108276367
    },
    "skill_sql": {
      "mean": 23.782306671142578,
      "std": 31.68891143798828
    }
  },
  "adaptive": {
    "mae": {
      "mean": 2571.77734375,
      "std": 1473.228515625
    },
    "mase": {
      "mean": 1.0737634897232056,
      "std": 0.6227055191993713
    },
    "sql": {
      "mean": 0.7576134204864502,
      "std": 0.3203677237033844
    },
    "skill_mase": {
      "mean": -7.376347064971924,
      "std": 62.27054977416992
    },
    "skill_sql": {
      "mean": 24.23865509033203,
      "std": 32.036773681640625
    }
  },
  "statistical_tests": {
    "mae": {
      "t_stat": -0.8372163772583008,
      "p_value": 0.20326781272888184,
      "cohens_d": -0.11960233747959137
    },
    "mase": {
      "t_stat": -0.7653544545173645,
      "p_value": 0.2238655835390091,
      "cohens_d": -0.10933634638786316
    },
    "sql": {
      "t_stat": -0.7346870303153992,
      "p_value": 0.2330157458782196,
      "cohens_d": -0.10495525598526001
    }
  },
  "improvements": {
    "mae_pct": 0.7705308198928833,
    "skill_mase_diff_pp": 0.9006495475769043,
    "skill_sql_diff_pp": 0.4563484191894531
  }
}