{
  "dataset": "ETTh1",
  "seasonal_period": 24,
  "num_samples": 50,
  "baseline": {
    "mae": {
      "mean": 2.212456226348877,
      "std": 0.5575392842292786
    },
    "mase": {
      "mean": 1.3804290294647217,
      "std": 0.34151551127433777
    },
    "sql": {
      "mean": 1.064802646636963,
      "std": 0.2959336042404175
    },
    "skill_mase": {
      "mean": -38.042903900146484,
      "std": 34.15155029296875
    },
    "skill_sql": {
      "mean": -6.480268955230713,
      "std": 29.593360900878906
    }
  },
  "adaptive": {
    "mae": {
      "mean": 2.1674680709838867,
      "std": 0.5213078856468201
    },
    "mase": {
      "mean": 1.3531972169876099,
      "std": 0.3220788240432739
    },
    "sql": {
      "mean": 1.04753839969635,
      "std": 0.2631833255290985
    },
    "skill_mase": {
      "mean": -35.31970977783203,
      "std": 32.2078857421875
    },
    "skill_sql": {
      "mean": -4.753842353820801,
      "std": 26.31833267211914
    }
  },
  "statistical_tests": {
    "mae": {
      "t_stat": -1.6772606372833252,
      "p_value": 0.04993017762899399,
      "cohens_d": -0.23960864543914795
    },
    "mase": {
      "t_stat": -1.6535292863845825,
      "p_value": 0.052308350801467896,
      "cohens_d": -0.23621845245361328
    },
    "sql": {
      "t_stat": -1.2203716039657593,
      "p_value": 0.11408235877752304,
      "cohens_d": -0.17433878779411316
    }
  },
  "improvements": {
    "mae_pct": 2.033403158187866,
    "skill_mase_diff_pp": 2.723194122314453,
    "skill_sql_diff_pp": 1.726426601409912
  }
}