{
  "dataset": "ETTm1",
  "seasonal_period": 96,
  "num_samples": 50,
  "baseline": {
    "mae": {
      "mean": 1.8628315925598145,
      "std": 0.7557638883590698
    },
    "mase": {
      "mean": 0.5776941776275635,
      "std": 0.28093796968460083
    },
    "sql": {
      "mean": 0.6228120923042297,
      "std": 0.46077755093574524
    },
    "skill_mase": {
      "mean": 42.230587005615234,
      "std": 28.09379768371582
    },
    "skill_sql": {
      "mean": 37.71879577636719,
      "std": 46.077754974365234
    }
  },
  "adaptive": {
    "mae": {
      "mean": 1.7717784643173218,
      "std": 0.6826473474502563
    },
    "mase": {
      "mean": 0.5496983528137207,
      "std": 0.25893837213516235
    },
    "sql": {
      "mean": 0.5862093567848206,
      "std": 0.41660207509994507
    },
    "skill_mase": {
      "mean": 45.03016662597656,
      "std": 25.89383888244629
    },
    "skill_sql": {
      "mean": 41.37906265258789,
      "std": 41.66020965576172
    }
  },
  "statistical_tests": {
    "mae": {
      "t_stat": -3.572943925857544,
      "p_value": 0.0004019711632281542,
      "cohens_d": -0.5104205012321472
    },
    "mase": {
      "t_stat": -3.1817901134490967,
      "p_value": 0.0012704633409157395,
      "cohens_d": -0.4545413553714752
    },
    "sql": {
      "t_stat": -3.538865327835083,
      "p_value": 0.00044551119208335876,
      "cohens_d": -0.5055521130561829
    }
  },
  "improvements": {
    "mae_pct": 4.887888431549072,
    "skill_mase_diff_pp": 2.799579620361328,
    "skill_sql_diff_pp": 3.660266876220703
  }
}