{
  "dataset": "hospital",
  "seasonal_period": 24,
  "num_samples": 50,
  "baseline": {
    "mae": {
      "mean": 4.026476860046387,
      "std": 0.1893387734889984
    },
    "mase": {
      "mean": 0.9048789739608765,
      "std": 0.04654586687684059
    },
    "sql": {
      "mean": 0.8013578057289124,
      "std": 0.051111847162246704
    },
    "skill_mase": {
      "mean": 9.512103080749512,
      "std": 4.6545867919921875
    },
    "skill_sql": {
      "mean": 19.864215850830078,
      "std": 5.111184597015381
    }
  },
  "adaptive": {
    "mae": {
      "mean": 4.0472822189331055,
      "std": 0.18709847331047058
    },
    "mase": {
      "mean": 0.9095494151115417,
      "std": 0.04601746425032616
    },
    "sql": {
      "mean": 0.806195855140686,
      "std": 0.052021995186805725
    },
    "skill_mase": {
      "mean": 9.045060157775879,
      "std": 4.601746559143066
    },
    "skill_sql": {
      "mean": 19.380414962768555,
      "std": 5.202199935913086
    }
  },
  "statistical_tests": {
    "mae": {
      "t_stat": 10.419201850891113,
      "p_value": 1.0,
      "cohens_d": 1.48845636844635
    },
    "mase": {
      "t_stat": 10.404656410217285,
      "p_value": 1.0,
      "cohens_d": 1.4863746166229248
    },
    "sql": {
      "t_stat": 13.436736106872559,
      "p_value": 1.0,
      "cohens_d": 1.9195261001586914
    }
  },
  "improvements": {
    "mae_pct": -0.5167137384414673,
    "skill_mase_diff_pp": -0.4670429229736328,
    "skill_sql_diff_pp": -0.48380088806152344
  }
}